  {
    "schemas":
      ["urn:ietf:params:scim:schemas:core:2.0:ServiceProviderConfig"],
    "documentationUri": null,
    "patch": {
      "supported":true
    },
    "bulk": {
      "supported":true,
      "maxOperations":1000,
      "maxPayloadSize":1048576
    },
    "filter": {
      "supported":true,
      "maxResults": 200
    },
    "changePassword": {
      "supported":true
    },
    "sort": {
      "supported":true
    },
    "etag": {
      "supported":true
    },
    "authenticationSchemes": [
      {
        "name": "OAuth Bearer Token",
        "description":
          "Authentication scheme using the OAuth Bearer Token Standard",
        "specUri": "http://www.rfc-editor.org/info/rfc6750",
        "documentationUri": null,
        "type": "oauthbearertoken",
        "primary": true
      }
    ],
    "meta": {
      "location": null,
      "resourceType": "ServiceProviderConfig",
      "created": "0001-01-01T00:00:00Z",
      "lastModified": "0001-01-01T00:00:00Z",
      "version": null
    }
  }